step,loss,acc_same,acc_deeper
200,1.402640,0.118000,0.002000
