step,loss,acc_same,acc_deeper
200,1.402640,0.118000,0.002000
400,0.829675,0.188000,0.055000
600,0.548081,0.218000,0.092000
800,0.394954,0.227000,0.108000
1000,0.357448,0.227000,0.119000
1200,0.329900,0.240000,0.106000
1400,0.311923,0.238000,0.131000
1600,0.316076,0.230000,0.105000
1800,0.292276,0.241000,0.120000
2000,0.293246,0.227000,0.127000
