step,loss,acc_same,acc_deeper
200,0.280262,0.730000,0.162000
400,0.013702,1.000000,0.172000
600,0.006943,1.000000,0.172000
