step,loss,acc_same,acc_deeper
200,0.304882,0.770000,0.008000
400,0.014588,1.000000,0.007000
600,0.007516,1.000000,0.007000
800,0.005804,1.000000,0.007000
